9,9,g6Ns+M49hBCPquIl3pI8XGSZYy0=,QW6nAJn8Zk+MYnBw19LrSnTScb8=
10,10,g6Ns+M49hBCPquIl3pI8XGSZYy0=,QW6nAJn8Zk+MYnBw19LrSnTScb8=
10,8,Kyc/ldIjYpnjdmo4T7TjEhxWBpU=,QW6nAJn8Zk+MYnBw19LrSnTScb8=
13,8,Kyc/ldIjYpnjdmo4T7TjEhxWBpU=,6STt8LdqnV6Kl6RfUstvETu0PCs=
11,8,Kyc/ldIjYpnjdmo4T7TjEhxWBpU=,QW6nAJn8Zk+MYnBw19LrSnTScb8=
13,9,Kyc/ldIjYpnjdmo4T7TjEhxWBpU=,6STt8LdqnV6Kl6RfUstvETu0PCs=
12,8,Kyc/ldIjYpnjdmo4T7TjEhxWBpU=,6STt8LdqnV6Kl6RfUstvETu0PCs=
11,7,Kyc/ldIjYpnjdmo4T7TjEhxWBpU=,pAXvjpOe3LefApd3RWrXW/rbdDE=
13,6,Kyc/ldIjYpnjdmo4T7TjEhxWBpU=,mGOH14nRIscSph1OwZDOTePI9tk=
13,7,Kyc/ldIjYpnjdmo4T7TjEhxWBpU=,mGOH14nRIscSph1OwZDOTePI9tk=
11,6,Kyc/ldIjYpnjdmo4T7TjEhxWBpU=,pAXvjpOe3LefApd3RWrXW/rbdDE=
12,9,Kyc/ldIjYpnjdmo4T7TjEhxWBpU=,6STt8LdqnV6Kl6RfUstvETu0PCs=
10,9,Kyc/ldIjYpnjdmo4T7TjEhxWBpU=,QW6nAJn8Zk+MYnBw19LrSnTScb8=
11,9,Kyc/ldIjYpnjdmo4T7TjEhxWBpU=,QW6nAJn8Zk+MYnBw19LrSnTScb8=
12,6,Kyc/ldIjYpnjdmo4T7TjEhxWBpU=,mGOH14nRIscSph1OwZDOTePI9tk=
10,6,Kyc/ldIjYpnjdmo4T7TjEhxWBpU=,pAXvjpOe3LefApd3RWrXW/rbdDE=
10,7,Kyc/ldIjYpnjdmo4T7TjEhxWBpU=,pAXvjpOe3LefApd3RWrXW/rbdDE=
12,7,Kyc/ldIjYpnjdmo4T7TjEhxWBpU=,mGOH14nRIscSph1OwZDOTePI9tk=
9,4,Yh0a9LZkceqaior12/rFBd79eRM=,pAXvjpOe3LefApd3RWrXW/rbdDE=
8,4,Yh0a9LZkceqaior12/rFBd79eRM=,pAXvjpOe3LefApd3RWrXW/rbdDE=
7,4,Yh0a9LZkceqaior12/rFBd79eRM=,s7ckBdwTTh7bn8mwuFos7dyXJ60=
6,2,Yh0a9LZkceqaior12/rFBd79eRM=,YmSh3At9qM7B3ktPmT4g0dKGTsY=
6,4,Yh0a9LZkceqaior12/rFBd79eRM=,s7ckBdwTTh7bn8mwuFos7dyXJ60=
6,5,Yh0a9LZkceqaior12/rFBd79eRM=,s7ckBdwTTh7bn8mwuFos7dyXJ60=
7,5,Yh0a9LZkceqaior12/rFBd79eRM=,s7ckBdwTTh7bn8mwuFos7dyXJ60=
9,2,Yh0a9LZkceqaior12/rFBd79eRM=,I2YoLrM7t6oKx7FlMMzRBwVF3Mc=
9,3,Yh0a9LZkceqaior12/rFBd79eRM=,I2YoLrM7t6oKx7FlMMzRBwVF3Mc=
8,5,Yh0a9LZkceqaior12/rFBd79eRM=,pAXvjpOe3LefApd3RWrXW/rbdDE=
7,3,Yh0a9LZkceqaior12/rFBd79eRM=,YmSh3At9qM7B3ktPmT4g0dKGTsY=
9,5,Yh0a9LZkceqaior12/rFBd79eRM=,pAXvjpOe3LefApd3RWrXW/rbdDE=
7,2,Yh0a9LZkceqaior12/rFBd79eRM=,YmSh3At9qM7B3ktPmT4g0dKGTsY=
6,3,Yh0a9LZkceqaior12/rFBd79eRM=,YmSh3At9qM7B3ktPmT4g0dKGTsY=
8,3,Yh0a9LZkceqaior12/rFBd79eRM=,I2YoLrM7t6oKx7FlMMzRBwVF3Mc=
8,2,Yh0a9LZkceqaior12/rFBd79eRM=,I2YoLrM7t6oKx7FlMMzRBwVF3Mc=
3,5,8b9DIWVmI53M0Id6BciNK6v2u2I=,V3y7CbLq1Gpem1qFqm1lwozItF0=
2,5,8b9DIWVmI53M0Id6BciNK6v2u2I=,V3y7CbLq1Gpem1qFqm1lwozItF0=
3,4,8b9DIWVmI53M0Id6BciNK6v2u2I=,V3y7CbLq1Gpem1qFqm1lwozItF0=
2,2,8b9DIWVmI53M0Id6BciNK6v2u2I=,qbDqrzcFCGnOFP2LqjTbnIfzUUQ=
3,3,8b9DIWVmI53M0Id6BciNK6v2u2I=,qbDqrzcFCGnOFP2LqjTbnIfzUUQ=
2,3,8b9DIWVmI53M0Id6BciNK6v2u2I=,qbDqrzcFCGnOFP2LqjTbnIfzUUQ=
5,4,8b9DIWVmI53M0Id6BciNK6v2u2I=,s7ckBdwTTh7bn8mwuFos7dyXJ60=
3,2,8b9DIWVmI53M0Id6BciNK6v2u2I=,qbDqrzcFCGnOFP2LqjTbnIfzUUQ=
2,4,8b9DIWVmI53M0Id6BciNK6v2u2I=,V3y7CbLq1Gpem1qFqm1lwozItF0=
4,5,8b9DIWVmI53M0Id6BciNK6v2u2I=,s7ckBdwTTh7bn8mwuFos7dyXJ60=
4,3,8b9DIWVmI53M0Id6BciNK6v2u2I=,YmSh3At9qM7B3ktPmT4g0dKGTsY=
4,2,8b9DIWVmI53M0Id6BciNK6v2u2I=,YmSh3At9qM7B3ktPmT4g0dKGTsY=
4,4,8b9DIWVmI53M0Id6BciNK6v2u2I=,s7ckBdwTTh7bn8mwuFos7dyXJ60=
5,3,8b9DIWVmI53M0Id6BciNK6v2u2I=,YmSh3At9qM7B3ktPmT4g0dKGTsY=
5,5,8b9DIWVmI53M0Id6BciNK6v2u2I=,s7ckBdwTTh7bn8mwuFos7dyXJ60=
5,2,qc/XmUnqIRoY2qUb4aILc7ytZLw=,YmSh3At9qM7B3ktPmT4g0dKGTsY=
11,5,qc/XmUnqIRoY2qUb4aILc7ytZLw=,pAXvjpOe3LefApd3RWrXW/rbdDE=
12,5,qc/XmUnqIRoY2qUb4aILc7ytZLw=,mGOH14nRIscSph1OwZDOTePI9tk=
10,5,qc/XmUnqIRoY2qUb4aILc7ytZLw=,pAXvjpOe3LefApd3RWrXW/rbdDE=
11,3,qc/XmUnqIRoY2qUb4aILc7ytZLw=,I2YoLrM7t6oKx7FlMMzRBwVF3Mc=
10,4,qc/XmUnqIRoY2qUb4aILc7ytZLw=,pAXvjpOe3LefApd3RWrXW/rbdDE=
13,5,qc/XmUnqIRoY2qUb4aILc7ytZLw=,mGOH14nRIscSph1OwZDOTePI9tk=
12,4,qc/XmUnqIRoY2qUb4aILc7ytZLw=,mGOH14nRIscSph1OwZDOTePI9tk=
13,4,qc/XmUnqIRoY2qUb4aILc7ytZLw=,mGOH14nRIscSph1OwZDOTePI9tk=
10,2,qc/XmUnqIRoY2qUb4aILc7ytZLw=,I2YoLrM7t6oKx7FlMMzRBwVF3Mc=
12,2,qc/XmUnqIRoY2qUb4aILc7ytZLw=,Fa9Wmn2b0AQUG69E9FTE2AAv1co=
10,3,qc/XmUnqIRoY2qUb4aILc7ytZLw=,I2YoLrM7t6oKx7FlMMzRBwVF3Mc=
8,9,qc/XmUnqIRoY2qUb4aILc7ytZLw=,QW6nAJn8Zk+MYnBw19LrSnTScb8=
8,8,qc/XmUnqIRoY2qUb4aILc7ytZLw=,QW6nAJn8Zk+MYnBw19LrSnTScb8=
9,8,qc/XmUnqIRoY2qUb4aILc7ytZLw=,QW6nAJn8Zk+MYnBw19LrSnTScb8=
11,4,qc/XmUnqIRoY2qUb4aILc7ytZLw=,pAXvjpOe3LefApd3RWrXW/rbdDE=
13,3,qc/XmUnqIRoY2qUb4aILc7ytZLw=,Fa9Wmn2b0AQUG69E9FTE2AAv1co=
2,6,qc/XmUnqIRoY2qUb4aILc7ytZLw=,V3y7CbLq1Gpem1qFqm1lwozItF0=
4,6,qc/XmUnqIRoY2qUb4aILc7ytZLw=,s7ckBdwTTh7bn8mwuFos7dyXJ60=
8,6,qc/XmUnqIRoY2qUb4aILc7ytZLw=,pAXvjpOe3LefApd3RWrXW/rbdDE=
8,7,qc/XmUnqIRoY2qUb4aILc7ytZLw=,pAXvjpOe3LefApd3RWrXW/rbdDE=
13,2,qc/XmUnqIRoY2qUb4aILc7ytZLw=,Fa9Wmn2b0AQUG69E9FTE2AAv1co=
3,6,qc/XmUnqIRoY2qUb4aILc7ytZLw=,V3y7CbLq1Gpem1qFqm1lwozItF0=
12,3,qc/XmUnqIRoY2qUb4aILc7ytZLw=,Fa9Wmn2b0AQUG69E9FTE2AAv1co=
11,2,qc/XmUnqIRoY2qUb4aILc7ytZLw=,I2YoLrM7t6oKx7FlMMzRBwVF3Mc=
5,6,qc/XmUnqIRoY2qUb4aILc7ytZLw=,s7ckBdwTTh7bn8mwuFos7dyXJ60=
7,9,qc/XmUnqIRoY2qUb4aILc7ytZLw=,hp7VOxArk13bpIQNyEHZjYrRNrc=
9,7,qc/XmUnqIRoY2qUb4aILc7ytZLw=,pAXvjpOe3LefApd3RWrXW/rbdDE=
4,7,qc/XmUnqIRoY2qUb4aILc7ytZLw=,s7ckBdwTTh7bn8mwuFos7dyXJ60=
9,6,qc/XmUnqIRoY2qUb4aILc7ytZLw=,pAXvjpOe3LefApd3RWrXW/rbdDE=
7,6,qc/XmUnqIRoY2qUb4aILc7ytZLw=,s7ckBdwTTh7bn8mwuFos7dyXJ60=
2,7,qc/XmUnqIRoY2qUb4aILc7ytZLw=,V3y7CbLq1Gpem1qFqm1lwozItF0=
2,9,qc/XmUnqIRoY2qUb4aILc7ytZLw=,L2211njB07OvH9IH0h9sCKdWeNo=
3,7,qc/XmUnqIRoY2qUb4aILc7ytZLw=,V3y7CbLq1Gpem1qFqm1lwozItF0=
6,6,qc/XmUnqIRoY2qUb4aILc7ytZLw=,s7ckBdwTTh7bn8mwuFos7dyXJ60=
3,8,qc/XmUnqIRoY2qUb4aILc7ytZLw=,L2211njB07OvH9IH0h9sCKdWeNo=
5,8,qc/XmUnqIRoY2qUb4aILc7ytZLw=,hp7VOxArk13bpIQNyEHZjYrRNrc=
2,8,qc/XmUnqIRoY2qUb4aILc7ytZLw=,L2211njB07OvH9IH0h9sCKdWeNo=
7,7,qc/XmUnqIRoY2qUb4aILc7ytZLw=,s7ckBdwTTh7bn8mwuFos7dyXJ60=
5,7,qc/XmUnqIRoY2qUb4aILc7ytZLw=,s7ckBdwTTh7bn8mwuFos7dyXJ60=
5,9,qc/XmUnqIRoY2qUb4aILc7ytZLw=,hp7VOxArk13bpIQNyEHZjYrRNrc=
6,9,qc/XmUnqIRoY2qUb4aILc7ytZLw=,hp7VOxArk13bpIQNyEHZjYrRNrc=
4,9,qc/XmUnqIRoY2qUb4aILc7ytZLw=,hp7VOxArk13bpIQNyEHZjYrRNrc=
4,8,qc/XmUnqIRoY2qUb4aILc7ytZLw=,hp7VOxArk13bpIQNyEHZjYrRNrc=
6,7,qc/XmUnqIRoY2qUb4aILc7ytZLw=,s7ckBdwTTh7bn8mwuFos7dyXJ60=
7,8,qc/XmUnqIRoY2qUb4aILc7ytZLw=,hp7VOxArk13bpIQNyEHZjYrRNrc=
6,8,qc/XmUnqIRoY2qUb4aILc7ytZLw=,hp7VOxArk13bpIQNyEHZjYrRNrc=
3,9,qc/XmUnqIRoY2qUb4aILc7ytZLw=,L2211njB07OvH9IH0h9sCKdWeNo=
15,2,qc/XmUnqIRoY2qUb4aILc7ytZLw=,Fa9Wmn2b0AQUG69E9FTE2AAv1co=
14,5,qc/XmUnqIRoY2qUb4aILc7ytZLw=,mGOH14nRIscSph1OwZDOTePI9tk=
14,2,qc/XmUnqIRoY2qUb4aILc7ytZLw=,Fa9Wmn2b0AQUG69E9FTE2AAv1co=
15,4,qc/XmUnqIRoY2qUb4aILc7ytZLw=,mGOH14nRIscSph1OwZDOTePI9tk=
15,3,qc/XmUnqIRoY2qUb4aILc7ytZLw=,Fa9Wmn2b0AQUG69E9FTE2AAv1co=
14,4,qc/XmUnqIRoY2qUb4aILc7ytZLw=,mGOH14nRIscSph1OwZDOTePI9tk=
15,5,qc/XmUnqIRoY2qUb4aILc7ytZLw=,mGOH14nRIscSph1OwZDOTePI9tk=
14,3,qc/XmUnqIRoY2qUb4aILc7ytZLw=,Fa9Wmn2b0AQUG69E9FTE2AAv1co=
12,0,qc/XmUnqIRoY2qUb4aILc7ytZLw=,Fa9Wmn2b0AQUG69E9FTE2AAv1co=
10,0,qc/XmUnqIRoY2qUb4aILc7ytZLw=,I2YoLrM7t6oKx7FlMMzRBwVF3Mc=
13,1,qc/XmUnqIRoY2qUb4aILc7ytZLw=,Fa9Wmn2b0AQUG69E9FTE2AAv1co=
10,1,qc/XmUnqIRoY2qUb4aILc7ytZLw=,I2YoLrM7t6oKx7FlMMzRBwVF3Mc=
11,1,qc/XmUnqIRoY2qUb4aILc7ytZLw=,I2YoLrM7t6oKx7FlMMzRBwVF3Mc=
12,1,qc/XmUnqIRoY2qUb4aILc7ytZLw=,Fa9Wmn2b0AQUG69E9FTE2AAv1co=
11,0,qc/XmUnqIRoY2qUb4aILc7ytZLw=,I2YoLrM7t6oKx7FlMMzRBwVF3Mc=
13,0,qc/XmUnqIRoY2qUb4aILc7ytZLw=,Fa9Wmn2b0AQUG69E9FTE2AAv1co=
6,1,qc/XmUnqIRoY2qUb4aILc7ytZLw=,YmSh3At9qM7B3ktPmT4g0dKGTsY=
8,0,qc/XmUnqIRoY2qUb4aILc7ytZLw=,I2YoLrM7t6oKx7FlMMzRBwVF3Mc=
9,1,qc/XmUnqIRoY2qUb4aILc7ytZLw=,I2YoLrM7t6oKx7FlMMzRBwVF3Mc=
8,1,qc/XmUnqIRoY2qUb4aILc7ytZLw=,I2YoLrM7t6oKx7FlMMzRBwVF3Mc=
2,0,qc/XmUnqIRoY2qUb4aILc7ytZLw=,qbDqrzcFCGnOFP2LqjTbnIfzUUQ=
7,1,qc/XmUnqIRoY2qUb4aILc7ytZLw=,YmSh3At9qM7B3ktPmT4g0dKGTsY=
2,1,qc/XmUnqIRoY2qUb4aILc7ytZLw=,qbDqrzcFCGnOFP2LqjTbnIfzUUQ=
9,0,qc/XmUnqIRoY2qUb4aILc7ytZLw=,I2YoLrM7t6oKx7FlMMzRBwVF3Mc=
5,1,qc/XmUnqIRoY2qUb4aILc7ytZLw=,YmSh3At9qM7B3ktPmT4g0dKGTsY=
3,1,qc/XmUnqIRoY2qUb4aILc7ytZLw=,qbDqrzcFCGnOFP2LqjTbnIfzUUQ=
3,0,qc/XmUnqIRoY2qUb4aILc7ytZLw=,qbDqrzcFCGnOFP2LqjTbnIfzUUQ=
6,0,qc/XmUnqIRoY2qUb4aILc7ytZLw=,YmSh3At9qM7B3ktPmT4g0dKGTsY=
7,0,qc/XmUnqIRoY2qUb4aILc7ytZLw=,YmSh3At9qM7B3ktPmT4g0dKGTsY=
5,0,qc/XmUnqIRoY2qUb4aILc7ytZLw=,YmSh3At9qM7B3ktPmT4g0dKGTsY=
4,1,qc/XmUnqIRoY2qUb4aILc7ytZLw=,YmSh3At9qM7B3ktPmT4g0dKGTsY=
4,0,qc/XmUnqIRoY2qUb4aILc7ytZLw=,YmSh3At9qM7B3ktPmT4g0dKGTsY=
15,8,qc/XmUnqIRoY2qUb4aILc7ytZLw=,6STt8LdqnV6Kl6RfUstvETu0PCs=
14,9,qc/XmUnqIRoY2qUb4aILc7ytZLw=,6STt8LdqnV6Kl6RfUstvETu0PCs=
15,6,qc/XmUnqIRoY2qUb4aILc7ytZLw=,mGOH14nRIscSph1OwZDOTePI9tk=
14,8,qc/XmUnqIRoY2qUb4aILc7ytZLw=,6STt8LdqnV6Kl6RfUstvETu0PCs=
15,9,qc/XmUnqIRoY2qUb4aILc7ytZLw=,6STt8LdqnV6Kl6RfUstvETu0PCs=
15,7,qc/XmUnqIRoY2qUb4aILc7ytZLw=,mGOH14nRIscSph1OwZDOTePI9tk=
14,7,qc/XmUnqIRoY2qUb4aILc7ytZLw=,mGOH14nRIscSph1OwZDOTePI9tk=
14,6,qc/XmUnqIRoY2qUb4aILc7ytZLw=,mGOH14nRIscSph1OwZDOTePI9tk=
0,10,eAmsj1+k3MtR0Gto8PsW1YW9V/U=,L2211njB07OvH9IH0h9sCKdWeNo=
1,10,eAmsj1+k3MtR0Gto8PsW1YW9V/U=,L2211njB07OvH9IH0h9sCKdWeNo=
1,1,eAmsj1+k3MtR0Gto8PsW1YW9V/U=,qbDqrzcFCGnOFP2LqjTbnIfzUUQ=
0,0,eAmsj1+k3MtR0Gto8PsW1YW9V/U=,qbDqrzcFCGnOFP2LqjTbnIfzUUQ=
0,1,eAmsj1+k3MtR0Gto8PsW1YW9V/U=,qbDqrzcFCGnOFP2LqjTbnIfzUUQ=
0,8,eAmsj1+k3MtR0Gto8PsW1YW9V/U=,L2211njB07OvH9IH0h9sCKdWeNo=
1,0,eAmsj1+k3MtR0Gto8PsW1YW9V/U=,qbDqrzcFCGnOFP2LqjTbnIfzUUQ=
1,6,eAmsj1+k3MtR0Gto8PsW1YW9V/U=,V3y7CbLq1Gpem1qFqm1lwozItF0=
1,7,eAmsj1+k3MtR0Gto8PsW1YW9V/U=,V3y7CbLq1Gpem1qFqm1lwozItF0=
0,9,eAmsj1+k3MtR0Gto8PsW1YW9V/U=,L2211njB07OvH9IH0h9sCKdWeNo=
0,7,eAmsj1+k3MtR0Gto8PsW1YW9V/U=,V3y7CbLq1Gpem1qFqm1lwozItF0=
0,6,eAmsj1+k3MtR0Gto8PsW1YW9V/U=,V3y7CbLq1Gpem1qFqm1lwozItF0=
1,9,eAmsj1+k3MtR0Gto8PsW1YW9V/U=,L2211njB07OvH9IH0h9sCKdWeNo=
1,4,eAmsj1+k3MtR0Gto8PsW1YW9V/U=,V3y7CbLq1Gpem1qFqm1lwozItF0=
1,5,eAmsj1+k3MtR0Gto8PsW1YW9V/U=,V3y7CbLq1Gpem1qFqm1lwozItF0=
1,8,eAmsj1+k3MtR0Gto8PsW1YW9V/U=,L2211njB07OvH9IH0h9sCKdWeNo=
0,4,eAmsj1+k3MtR0Gto8PsW1YW9V/U=,V3y7CbLq1Gpem1qFqm1lwozItF0=
0,5,eAmsj1+k3MtR0Gto8PsW1YW9V/U=,V3y7CbLq1Gpem1qFqm1lwozItF0=
15,0,eAmsj1+k3MtR0Gto8PsW1YW9V/U=,Fa9Wmn2b0AQUG69E9FTE2AAv1co=
15,1,eAmsj1+k3MtR0Gto8PsW1YW9V/U=,Fa9Wmn2b0AQUG69E9FTE2AAv1co=
1,2,eAmsj1+k3MtR0Gto8PsW1YW9V/U=,qbDqrzcFCGnOFP2LqjTbnIfzUUQ=
14,1,eAmsj1+k3MtR0Gto8PsW1YW9V/U=,Fa9Wmn2b0AQUG69E9FTE2AAv1co=
0,2,eAmsj1+k3MtR0Gto8PsW1YW9V/U=,qbDqrzcFCGnOFP2LqjTbnIfzUUQ=
0,3,eAmsj1+k3MtR0Gto8PsW1YW9V/U=,qbDqrzcFCGnOFP2LqjTbnIfzUUQ=
1,3,eAmsj1+k3MtR0Gto8PsW1YW9V/U=,qbDqrzcFCGnOFP2LqjTbnIfzUUQ=
14,0,eAmsj1+k3MtR0Gto8PsW1YW9V/U=,Fa9Wmn2b0AQUG69E9FTE2AAv1co=
12,10,eAmsj1+k3MtR0Gto8PsW1YW9V/U=,6STt8LdqnV6Kl6RfUstvETu0PCs=
11,10,eAmsj1+k3MtR0Gto8PsW1YW9V/U=,QW6nAJn8Zk+MYnBw19LrSnTScb8=
15,10,eAmsj1+k3MtR0Gto8PsW1YW9V/U=,6STt8LdqnV6Kl6RfUstvETu0PCs=
13,10,eAmsj1+k3MtR0Gto8PsW1YW9V/U=,6STt8LdqnV6Kl6RfUstvETu0PCs=
14,10,eAmsj1+k3MtR0Gto8PsW1YW9V/U=,6STt8LdqnV6Kl6RfUstvETu0PCs=
9,10,eAmsj1+k3MtR0Gto8PsW1YW9V/U=,QW6nAJn8Zk+MYnBw19LrSnTScb8=
8,10,eAmsj1+k3MtR0Gto8PsW1YW9V/U=,QW6nAJn8Zk+MYnBw19LrSnTScb8=
7,10,eAmsj1+k3MtR0Gto8PsW1YW9V/U=,hp7VOxArk13bpIQNyEHZjYrRNrc=
4,10,eAmsj1+k3MtR0Gto8PsW1YW9V/U=,hp7VOxArk13bpIQNyEHZjYrRNrc=
2,10,eAmsj1+k3MtR0Gto8PsW1YW9V/U=,L2211njB07OvH9IH0h9sCKdWeNo=
3,10,eAmsj1+k3MtR0Gto8PsW1YW9V/U=,L2211njB07OvH9IH0h9sCKdWeNo=
5,10,eAmsj1+k3MtR0Gto8PsW1YW9V/U=,hp7VOxArk13bpIQNyEHZjYrRNrc=
6,10,eAmsj1+k3MtR0Gto8PsW1YW9V/U=,hp7VOxArk13bpIQNyEHZjYrRNrc=
26,5,pzng+cfVwsTGmuqXe/tA/ET6C1g=,MrbdyQd3hSWxB8UlqjJI4PYufFw=
25,6,pzng+cfVwsTGmuqXe/tA/ET6C1g=,MrbdyQd3hSWxB8UlqjJI4PYufFw=
26,6,pzng+cfVwsTGmuqXe/tA/ET6C1g=,MrbdyQd3hSWxB8UlqjJI4PYufFw=
25,5,pzng+cfVwsTGmuqXe/tA/ET6C1g=,MrbdyQd3hSWxB8UlqjJI4PYufFw=
26,4,8MNR6Ng+FKizn1wOkpMEsuh0wJ4=,MrbdyQd3hSWxB8UlqjJI4PYufFw=
29,3,8MNR6Ng+FKizn1wOkpMEsuh0wJ4=,oznOqe5TRxWhBLV0wkYIe5vfGWM=
29,2,8MNR6Ng+FKizn1wOkpMEsuh0wJ4=,oznOqe5TRxWhBLV0wkYIe5vfGWM=
27,3,8MNR6Ng+FKizn1wOkpMEsuh0wJ4=,431b8DqBwLwWWBHOJzUCHWSBwV4=
28,3,8MNR6Ng+FKizn1wOkpMEsuh0wJ4=,oznOqe5TRxWhBLV0wkYIe5vfGWM=
28,4,8MNR6Ng+FKizn1wOkpMEsuh0wJ4=,ENef6Co5iak8rqvklaE3izQpXWY=
26,2,8MNR6Ng+FKizn1wOkpMEsuh0wJ4=,431b8DqBwLwWWBHOJzUCHWSBwV4=
27,5,8MNR6Ng+FKizn1wOkpMEsuh0wJ4=,MrbdyQd3hSWxB8UlqjJI4PYufFw=
29,4,8MNR6Ng+FKizn1wOkpMEsuh0wJ4=,ENef6Co5iak8rqvklaE3izQpXWY=
28,2,8MNR6Ng+FKizn1wOkpMEsuh0wJ4=,oznOqe5TRxWhBLV0wkYIe5vfGWM=
26,3,8MNR6Ng+FKizn1wOkpMEsuh0wJ4=,431b8DqBwLwWWBHOJzUCHWSBwV4=
27,4,8MNR6Ng+FKizn1wOkpMEsuh0wJ4=,MrbdyQd3hSWxB8UlqjJI4PYufFw=
27,2,8MNR6Ng+FKizn1wOkpMEsuh0wJ4=,431b8DqBwLwWWBHOJzUCHWSBwV4=
28,5,8MNR6Ng+FKizn1wOkpMEsuh0wJ4=,ENef6Co5iak8rqvklaE3izQpXWY=
29,5,8MNR6Ng+FKizn1wOkpMEsuh0wJ4=,ENef6Co5iak8rqvklaE3izQpXWY=
23,6,8MNR6Ng+FKizn1wOkpMEsuh0wJ4=,MzYDd2YXb+kZ8yR3Tg6lKDrjWyY=
24,6,8MNR6Ng+FKizn1wOkpMEsuh0wJ4=,MrbdyQd3hSWxB8UlqjJI4PYufFw=
24,5,8MNR6Ng+FKizn1wOkpMEsuh0wJ4=,MrbdyQd3hSWxB8UlqjJI4PYufFw=
21,4,8MNR6Ng+FKizn1wOkpMEsuh0wJ4=,MzYDd2YXb+kZ8yR3Tg6lKDrjWyY=
24,4,8MNR6Ng+FKizn1wOkpMEsuh0wJ4=,MrbdyQd3hSWxB8UlqjJI4PYufFw=
25,4,8MNR6Ng+FKizn1wOkpMEsuh0wJ4=,MrbdyQd3hSWxB8UlqjJI4PYufFw=
23,5,8MNR6Ng+FKizn1wOkpMEsuh0wJ4=,MzYDd2YXb+kZ8yR3Tg6lKDrjWyY=
22,4,8MNR6Ng+FKizn1wOkpMEsuh0wJ4=,MzYDd2YXb+kZ8yR3Tg6lKDrjWyY=
22,5,8MNR6Ng+FKizn1wOkpMEsuh0wJ4=,MzYDd2YXb+kZ8yR3Tg6lKDrjWyY=
23,4,8MNR6Ng+FKizn1wOkpMEsuh0wJ4=,MzYDd2YXb+kZ8yR3Tg6lKDrjWyY=
25,3,8MNR6Ng+FKizn1wOkpMEsuh0wJ4=,431b8DqBwLwWWBHOJzUCHWSBwV4=
24,3,8MNR6Ng+FKizn1wOkpMEsuh0wJ4=,431b8DqBwLwWWBHOJzUCHWSBwV4=
24,2,8MNR6Ng+FKizn1wOkpMEsuh0wJ4=,431b8DqBwLwWWBHOJzUCHWSBwV4=
22,3,8MNR6Ng+FKizn1wOkpMEsuh0wJ4=,CDmB5YhXTdOsfmQUjaLOrztKGPM=
23,3,8MNR6Ng+FKizn1wOkpMEsuh0wJ4=,CDmB5YhXTdOsfmQUjaLOrztKGPM=
25,2,8MNR6Ng+FKizn1wOkpMEsuh0wJ4=,431b8DqBwLwWWBHOJzUCHWSBwV4=
22,2,8MNR6Ng+FKizn1wOkpMEsuh0wJ4=,CDmB5YhXTdOsfmQUjaLOrztKGPM=
23,2,8MNR6Ng+FKizn1wOkpMEsuh0wJ4=,CDmB5YhXTdOsfmQUjaLOrztKGPM=
22,10,8MNR6Ng+FKizn1wOkpMEsuh0wJ4=,WfLBmDWVA73spnEt46CZp9Z73n4=
20,4,8MNR6Ng+FKizn1wOkpMEsuh0wJ4=,MzYDd2YXb+kZ8yR3Tg6lKDrjWyY=
20,5,8MNR6Ng+FKizn1wOkpMEsuh0wJ4=,MzYDd2YXb+kZ8yR3Tg6lKDrjWyY=
21,5,8MNR6Ng+FKizn1wOkpMEsuh0wJ4=,MzYDd2YXb+kZ8yR3Tg6lKDrjWyY=
20,3,8MNR6Ng+FKizn1wOkpMEsuh0wJ4=,CDmB5YhXTdOsfmQUjaLOrztKGPM=
21,3,8MNR6Ng+FKizn1wOkpMEsuh0wJ4=,CDmB5YhXTdOsfmQUjaLOrztKGPM=
19,5,8MNR6Ng+FKizn1wOkpMEsuh0wJ4=,dcMZz1vsPyz3e2TCMPnZT5z5QpI=
21,2,8MNR6Ng+FKizn1wOkpMEsuh0wJ4=,CDmB5YhXTdOsfmQUjaLOrztKGPM=
18,2,8MNR6Ng+FKizn1wOkpMEsuh0wJ4=,gcsOTMwiS20WMXL2AfPUifG9LV0=
19,4,8MNR6Ng+FKizn1wOkpMEsuh0wJ4=,dcMZz1vsPyz3e2TCMPnZT5z5QpI=
18,3,8MNR6Ng+FKizn1wOkpMEsuh0wJ4=,gcsOTMwiS20WMXL2AfPUifG9LV0=
20,2,8MNR6Ng+FKizn1wOkpMEsuh0wJ4=,CDmB5YhXTdOsfmQUjaLOrztKGPM=
18,4,8MNR6Ng+FKizn1wOkpMEsuh0wJ4=,dcMZz1vsPyz3e2TCMPnZT5z5QpI=
18,5,8MNR6Ng+FKizn1wOkpMEsuh0wJ4=,dcMZz1vsPyz3e2TCMPnZT5z5QpI=
19,2,8MNR6Ng+FKizn1wOkpMEsuh0wJ4=,gcsOTMwiS20WMXL2AfPUifG9LV0=
19,3,8MNR6Ng+FKizn1wOkpMEsuh0wJ4=,gcsOTMwiS20WMXL2AfPUifG9LV0=
16,3,Ax3UJuA7DJGuMLQDdERjzZ4oNdo=,gcsOTMwiS20WMXL2AfPUifG9LV0=
16,2,Ax3UJuA7DJGuMLQDdERjzZ4oNdo=,gcsOTMwiS20WMXL2AfPUifG9LV0=
17,4,Ax3UJuA7DJGuMLQDdERjzZ4oNdo=,dcMZz1vsPyz3e2TCMPnZT5z5QpI=
17,2,Ax3UJuA7DJGuMLQDdERjzZ4oNdo=,gcsOTMwiS20WMXL2AfPUifG9LV0=
17,5,Ax3UJuA7DJGuMLQDdERjzZ4oNdo=,dcMZz1vsPyz3e2TCMPnZT5z5QpI=
16,4,Ax3UJuA7DJGuMLQDdERjzZ4oNdo=,dcMZz1vsPyz3e2TCMPnZT5z5QpI=
16,5,Ax3UJuA7DJGuMLQDdERjzZ4oNdo=,dcMZz1vsPyz3e2TCMPnZT5z5QpI=
17,3,Ax3UJuA7DJGuMLQDdERjzZ4oNdo=,gcsOTMwiS20WMXL2AfPUifG9LV0=
21,6,Ax3UJuA7DJGuMLQDdERjzZ4oNdo=,MzYDd2YXb+kZ8yR3Tg6lKDrjWyY=
20,6,Ax3UJuA7DJGuMLQDdERjzZ4oNdo=,MzYDd2YXb+kZ8yR3Tg6lKDrjWyY=
21,9,Ax3UJuA7DJGuMLQDdERjzZ4oNdo=,WfLBmDWVA73spnEt46CZp9Z73n4=
21,7,Ax3UJuA7DJGuMLQDdERjzZ4oNdo=,MzYDd2YXb+kZ8yR3Tg6lKDrjWyY=
19,6,Ax3UJuA7DJGuMLQDdERjzZ4oNdo=,dcMZz1vsPyz3e2TCMPnZT5z5QpI=
21,8,Ax3UJuA7DJGuMLQDdERjzZ4oNdo=,WfLBmDWVA73spnEt46CZp9Z73n4=
18,9,Ax3UJuA7DJGuMLQDdERjzZ4oNdo=,uP+TnHShsb2T7IJveitcKLf2p4o=
20,9,Ax3UJuA7DJGuMLQDdERjzZ4oNdo=,WfLBmDWVA73spnEt46CZp9Z73n4=
18,6,Ax3UJuA7DJGuMLQDdERjzZ4oNdo=,dcMZz1vsPyz3e2TCMPnZT5z5QpI=
19,7,Ax3UJuA7DJGuMLQDdERjzZ4oNdo=,dcMZz1vsPyz3e2TCMPnZT5z5QpI=
19,9,Ax3UJuA7DJGuMLQDdERjzZ4oNdo=,uP+TnHShsb2T7IJveitcKLf2p4o=
20,8,Ax3UJuA7DJGuMLQDdERjzZ4oNdo=,WfLBmDWVA73spnEt46CZp9Z73n4=
20,7,Ax3UJuA7DJGuMLQDdERjzZ4oNdo=,MzYDd2YXb+kZ8yR3Tg6lKDrjWyY=
19,8,Ax3UJuA7DJGuMLQDdERjzZ4oNdo=,uP+TnHShsb2T7IJveitcKLf2p4o=
18,8,Ax3UJuA7DJGuMLQDdERjzZ4oNdo=,uP+TnHShsb2T7IJveitcKLf2p4o=
18,7,Ax3UJuA7DJGuMLQDdERjzZ4oNdo=,dcMZz1vsPyz3e2TCMPnZT5z5QpI=
17,9,Ax3UJuA7DJGuMLQDdERjzZ4oNdo=,uP+TnHShsb2T7IJveitcKLf2p4o=
17,6,Ax3UJuA7DJGuMLQDdERjzZ4oNdo=,dcMZz1vsPyz3e2TCMPnZT5z5QpI=
16,8,Ax3UJuA7DJGuMLQDdERjzZ4oNdo=,uP+TnHShsb2T7IJveitcKLf2p4o=
16,9,Ax3UJuA7DJGuMLQDdERjzZ4oNdo=,uP+TnHShsb2T7IJveitcKLf2p4o=
16,7,Ax3UJuA7DJGuMLQDdERjzZ4oNdo=,dcMZz1vsPyz3e2TCMPnZT5z5QpI=
16,6,Ax3UJuA7DJGuMLQDdERjzZ4oNdo=,dcMZz1vsPyz3e2TCMPnZT5z5QpI=
17,8,Ax3UJuA7DJGuMLQDdERjzZ4oNdo=,uP+TnHShsb2T7IJveitcKLf2p4o=
20,0,Ax3UJuA7DJGuMLQDdERjzZ4oNdo=,CDmB5YhXTdOsfmQUjaLOrztKGPM=
21,0,Ax3UJuA7DJGuMLQDdERjzZ4oNdo=,CDmB5YhXTdOsfmQUjaLOrztKGPM=
17,7,Ax3UJuA7DJGuMLQDdERjzZ4oNdo=,dcMZz1vsPyz3e2TCMPnZT5z5QpI=
21,1,Ax3UJuA7DJGuMLQDdERjzZ4oNdo=,CDmB5YhXTdOsfmQUjaLOrztKGPM=
20,1,Ax3UJuA7DJGuMLQDdERjzZ4oNdo=,CDmB5YhXTdOsfmQUjaLOrztKGPM=
19,0,Ax3UJuA7DJGuMLQDdERjzZ4oNdo=,gcsOTMwiS20WMXL2AfPUifG9LV0=
19,1,Ax3UJuA7DJGuMLQDdERjzZ4oNdo=,gcsOTMwiS20WMXL2AfPUifG9LV0=
18,1,Ax3UJuA7DJGuMLQDdERjzZ4oNdo=,gcsOTMwiS20WMXL2AfPUifG9LV0=
18,0,Ax3UJuA7DJGuMLQDdERjzZ4oNdo=,gcsOTMwiS20WMXL2AfPUifG9LV0=
25,0,Ax3UJuA7DJGuMLQDdERjzZ4oNdo=,431b8DqBwLwWWBHOJzUCHWSBwV4=
23,1,Ax3UJuA7DJGuMLQDdERjzZ4oNdo=,CDmB5YhXTdOsfmQUjaLOrztKGPM=
26,0,Ax3UJuA7DJGuMLQDdERjzZ4oNdo=,431b8DqBwLwWWBHOJzUCHWSBwV4=
29,1,Ax3UJuA7DJGuMLQDdERjzZ4oNdo=,oznOqe5TRxWhBLV0wkYIe5vfGWM=
22,0,Ax3UJuA7DJGuMLQDdERjzZ4oNdo=,CDmB5YhXTdOsfmQUjaLOrztKGPM=
28,1,Ax3UJuA7DJGuMLQDdERjzZ4oNdo=,oznOqe5TRxWhBLV0wkYIe5vfGWM=
24,0,Ax3UJuA7DJGuMLQDdERjzZ4oNdo=,431b8DqBwLwWWBHOJzUCHWSBwV4=
23,0,Ax3UJuA7DJGuMLQDdERjzZ4oNdo=,CDmB5YhXTdOsfmQUjaLOrztKGPM=
24,1,Ax3UJuA7DJGuMLQDdERjzZ4oNdo=,431b8DqBwLwWWBHOJzUCHWSBwV4=
23,10,Ax3UJuA7DJGuMLQDdERjzZ4oNdo=,WfLBmDWVA73spnEt46CZp9Z73n4=
29,0,Ax3UJuA7DJGuMLQDdERjzZ4oNdo=,oznOqe5TRxWhBLV0wkYIe5vfGWM=
22,7,Ax3UJuA7DJGuMLQDdERjzZ4oNdo=,MzYDd2YXb+kZ8yR3Tg6lKDrjWyY=
27,7,Ax3UJuA7DJGuMLQDdERjzZ4oNdo=,MrbdyQd3hSWxB8UlqjJI4PYufFw=
23,9,Ax3UJuA7DJGuMLQDdERjzZ4oNdo=,WfLBmDWVA73spnEt46CZp9Z73n4=
22,6,Ax3UJuA7DJGuMLQDdERjzZ4oNdo=,MzYDd2YXb+kZ8yR3Tg6lKDrjWyY=
28,9,Ax3UJuA7DJGuMLQDdERjzZ4oNdo=,wjZSNk2vB88WyWVPvYHQAV5Jd4Q=
23,8,Ax3UJuA7DJGuMLQDdERjzZ4oNdo=,WfLBmDWVA73spnEt46CZp9Z73n4=
24,7,Ax3UJuA7DJGuMLQDdERjzZ4oNdo=,MrbdyQd3hSWxB8UlqjJI4PYufFw=
25,7,Ax3UJuA7DJGuMLQDdERjzZ4oNdo=,MrbdyQd3hSWxB8UlqjJI4PYufFw=
26,7,Ax3UJuA7DJGuMLQDdERjzZ4oNdo=,MrbdyQd3hSWxB8UlqjJI4PYufFw=
22,9,Ax3UJuA7DJGuMLQDdERjzZ4oNdo=,WfLBmDWVA73spnEt46CZp9Z73n4=
23,7,Ax3UJuA7DJGuMLQDdERjzZ4oNdo=,MzYDd2YXb+kZ8yR3Tg6lKDrjWyY=
29,9,Ax3UJuA7DJGuMLQDdERjzZ4oNdo=,wjZSNk2vB88WyWVPvYHQAV5Jd4Q=
22,8,Ax3UJuA7DJGuMLQDdERjzZ4oNdo=,WfLBmDWVA73spnEt46CZp9Z73n4=
27,6,Ax3UJuA7DJGuMLQDdERjzZ4oNdo=,MrbdyQd3hSWxB8UlqjJI4PYufFw=
26,1,Ax3UJuA7DJGuMLQDdERjzZ4oNdo=,431b8DqBwLwWWBHOJzUCHWSBwV4=
27,1,Ax3UJuA7DJGuMLQDdERjzZ4oNdo=,431b8DqBwLwWWBHOJzUCHWSBwV4=
27,0,Ax3UJuA7DJGuMLQDdERjzZ4oNdo=,431b8DqBwLwWWBHOJzUCHWSBwV4=
22,1,Ax3UJuA7DJGuMLQDdERjzZ4oNdo=,CDmB5YhXTdOsfmQUjaLOrztKGPM=
29,8,Ax3UJuA7DJGuMLQDdERjzZ4oNdo=,wjZSNk2vB88WyWVPvYHQAV5Jd4Q=
28,8,Ax3UJuA7DJGuMLQDdERjzZ4oNdo=,wjZSNk2vB88WyWVPvYHQAV5Jd4Q=
28,7,Ax3UJuA7DJGuMLQDdERjzZ4oNdo=,ENef6Co5iak8rqvklaE3izQpXWY=
28,0,Ax3UJuA7DJGuMLQDdERjzZ4oNdo=,oznOqe5TRxWhBLV0wkYIe5vfGWM=
29,7,Ax3UJuA7DJGuMLQDdERjzZ4oNdo=,ENef6Co5iak8rqvklaE3izQpXWY=
25,1,Ax3UJuA7DJGuMLQDdERjzZ4oNdo=,431b8DqBwLwWWBHOJzUCHWSBwV4=
28,6,Ax3UJuA7DJGuMLQDdERjzZ4oNdo=,ENef6Co5iak8rqvklaE3izQpXWY=
29,6,Ax3UJuA7DJGuMLQDdERjzZ4oNdo=,ENef6Co5iak8rqvklaE3izQpXWY=
30,1,Ax3UJuA7DJGuMLQDdERjzZ4oNdo=,oznOqe5TRxWhBLV0wkYIe5vfGWM=
31,0,Ax3UJuA7DJGuMLQDdERjzZ4oNdo=,oznOqe5TRxWhBLV0wkYIe5vfGWM=
31,1,Ax3UJuA7DJGuMLQDdERjzZ4oNdo=,oznOqe5TRxWhBLV0wkYIe5vfGWM=
30,0,Ax3UJuA7DJGuMLQDdERjzZ4oNdo=,oznOqe5TRxWhBLV0wkYIe5vfGWM=
30,2,Ax3UJuA7DJGuMLQDdERjzZ4oNdo=,oznOqe5TRxWhBLV0wkYIe5vfGWM=
31,3,Ax3UJuA7DJGuMLQDdERjzZ4oNdo=,oznOqe5TRxWhBLV0wkYIe5vfGWM=
30,3,Ax3UJuA7DJGuMLQDdERjzZ4oNdo=,oznOqe5TRxWhBLV0wkYIe5vfGWM=
31,2,Ax3UJuA7DJGuMLQDdERjzZ4oNdo=,oznOqe5TRxWhBLV0wkYIe5vfGWM=
30,4,Ax3UJuA7DJGuMLQDdERjzZ4oNdo=,ENef6Co5iak8rqvklaE3izQpXWY=
31,5,Ax3UJuA7DJGuMLQDdERjzZ4oNdo=,ENef6Co5iak8rqvklaE3izQpXWY=
31,4,Ax3UJuA7DJGuMLQDdERjzZ4oNdo=,ENef6Co5iak8rqvklaE3izQpXWY=
30,5,Ax3UJuA7DJGuMLQDdERjzZ4oNdo=,ENef6Co5iak8rqvklaE3izQpXWY=
31,6,Ax3UJuA7DJGuMLQDdERjzZ4oNdo=,ENef6Co5iak8rqvklaE3izQpXWY=
30,8,Ax3UJuA7DJGuMLQDdERjzZ4oNdo=,wjZSNk2vB88WyWVPvYHQAV5Jd4Q=
31,7,Ax3UJuA7DJGuMLQDdERjzZ4oNdo=,ENef6Co5iak8rqvklaE3izQpXWY=
31,8,Ax3UJuA7DJGuMLQDdERjzZ4oNdo=,wjZSNk2vB88WyWVPvYHQAV5Jd4Q=
30,6,Ax3UJuA7DJGuMLQDdERjzZ4oNdo=,ENef6Co5iak8rqvklaE3izQpXWY=
30,9,Ax3UJuA7DJGuMLQDdERjzZ4oNdo=,wjZSNk2vB88WyWVPvYHQAV5Jd4Q=
31,9,Ax3UJuA7DJGuMLQDdERjzZ4oNdo=,wjZSNk2vB88WyWVPvYHQAV5Jd4Q=
30,7,Ax3UJuA7DJGuMLQDdERjzZ4oNdo=,ENef6Co5iak8rqvklaE3izQpXWY=
18,10,Ax3UJuA7DJGuMLQDdERjzZ4oNdo=,uP+TnHShsb2T7IJveitcKLf2p4o=
19,10,Ax3UJuA7DJGuMLQDdERjzZ4oNdo=,uP+TnHShsb2T7IJveitcKLf2p4o=
21,10,Ax3UJuA7DJGuMLQDdERjzZ4oNdo=,WfLBmDWVA73spnEt46CZp9Z73n4=
17,10,Ax3UJuA7DJGuMLQDdERjzZ4oNdo=,uP+TnHShsb2T7IJveitcKLf2p4o=
20,10,Ax3UJuA7DJGuMLQDdERjzZ4oNdo=,WfLBmDWVA73spnEt46CZp9Z73n4=
16,10,Ax3UJuA7DJGuMLQDdERjzZ4oNdo=,uP+TnHShsb2T7IJveitcKLf2p4o=
28,10,Ax3UJuA7DJGuMLQDdERjzZ4oNdo=,wjZSNk2vB88WyWVPvYHQAV5Jd4Q=
17,0,Ax3UJuA7DJGuMLQDdERjzZ4oNdo=,gcsOTMwiS20WMXL2AfPUifG9LV0=
29,10,Ax3UJuA7DJGuMLQDdERjzZ4oNdo=,wjZSNk2vB88WyWVPvYHQAV5Jd4Q=
16,0,Ax3UJuA7DJGuMLQDdERjzZ4oNdo=,gcsOTMwiS20WMXL2AfPUifG9LV0=
17,1,Ax3UJuA7DJGuMLQDdERjzZ4oNdo=,gcsOTMwiS20WMXL2AfPUifG9LV0=
31,10,Ax3UJuA7DJGuMLQDdERjzZ4oNdo=,wjZSNk2vB88WyWVPvYHQAV5Jd4Q=
16,1,Ax3UJuA7DJGuMLQDdERjzZ4oNdo=,gcsOTMwiS20WMXL2AfPUifG9LV0=
30,10,Ax3UJuA7DJGuMLQDdERjzZ4oNdo=,wjZSNk2vB88WyWVPvYHQAV5Jd4Q=
